{
  "mean": [
    2.401645031046301, 2.760594039256572, 2.430890240168882, 2.921368457338329,
    1.9209402936010922, 2.8333100271312577, 1.411411423996324,
    2.760444806041686, 1.606715209845952, 2.775029055504626,
    0.20198189047393067, 0.28992482595801894, 0.22340342819370748,
    0.146042077246259, 0.1665053328173226, -0.21101078786906843,
    -0.329110729762313, -0.2610856631900974, -0.17888965026735193,
    -0.18574580710331054, 0.22445472957617013, 0.2356883418040159,
    0.20557151093784826, 0.15738805441544, 0.2410352033583611,
    0.11350702333653427, 0.09647152059255387, 0.10316646498955644,
    0.08925594934129899, 0.06435499588642897
  ],
  "std": [
    0.394263618446535, 0.27211354683957545, 0.8461244170617269,
    0.2262958583521126, 0.9496161401024509, 0.17897063516785397,
    0.8126378772787879, 0.1751672431984506, 0.9063423551422471,
    0.20985777925037266, 0.11835206680060967, 0.12425831384755812,
    0.13264158697331951, 0.10636145355784528, 0.10083615981672973,
    0.16379204211616363, 0.21356682705197944, 0.2230128338497856,
    0.1722079525465739, 0.17227940019261154, 0.11989315100365132,
    0.14607789031501794, 0.08238957510922336, 0.07245176748161777,
    0.14290823259964083, 0.09783993564972328, 0.09001044609564493,
    0.0905926039827456, 0.07455071481448419, 0.06599010080287276
  ],
  "labels": [
    "A",
    "B",
    "C",
    "D",
    "E",
    "F",
    "G",
    "H",
    "I",
    "J",
    "K",
    "L",
    "M",
    "N",
    "O",
    "P",
    "Q",
    "R",
    "S",
    "T",
    "U",
    "V",
    "W",
    "X",
    "Y",
    "Z"
  ],
  "feature_names": [
    "thumb_knuckle_angle",
    "thumb_middle_joint_angle",
    "index_knuckle_angle",
    "index_middle_joint_angle",
    "middle_knuckle_angle",
    "middle_middle_joint_angle",
    "ring_knuckle_angle",
    "ring_middle_joint_angle",
    "pinky_knuckle_angle",
    "pinky_middle_joint_angle",
    "thumb_tip_to_palm_dist",
    "index_tip_to_palm_dist",
    "middle_tip_to_palm_dist",
    "ring_tip_to_palm_dist",
    "pinky_tip_to_palm_dist",
    "thumb_height",
    "index_height",
    "middle_height",
    "ring_height",
    "pinky_height",
    "thumb_to_index_dist",
    "thumb_to_pinky_dist",
    "hand_curvature",
    "finger_spread",
    "thumb_pinky_opposition",
    "thumb_dist_to_palm_plane",
    "index_dist_to_palm_plane",
    "middle_dist_to_palm_plane",
    "ring_dist_to_palm_plane",
    "pinky_dist_to_palm_plane"
  ]
}
